,mean_intensity,std_intensity,min_intensity,max_intensity,median_intensity,image_entropy,histogram_skewness,histogram_kurtosis,contrast,homogeneity,energy,correlation,edge_density,hue_mean,saturation_mean,value_mean,l_mean,a_mean,b_mean,blob_count,sharpness,lbp_entropy
f_statistic,49.704413555015385,48.138383886626535,,,25.017683340010134,72.53980144277118,8.93045188193804,9.064224894296087,239.65698278960534,480.244159723956,116.90711881058309,38.24996559114944,659.1510983691943,941.3843867199646,629.9829945831957,43.58112573267738,52.111442497128365,112.83026420516872,274.4475006674328,381.14275104010227,182.17133969326943,166.45623233606008
p_value,1.8859402945696754e-29,1.3524288497434782e-28,,,1.7855682095288515e-15,1.761482760433851e-41,7.991008680974063e-06,6.625542575441294e-06,8.995968687044972e-111,4.727177193026865e-178,9.90704184058858e-63,4.258495967720264e-23,3.316400812403298e-215,3.084013726469105e-261,1.1460493329575587e-209,4.4089523776538974e-26,9.29794878585087e-31,6.983373913321739e-61,2.838206992075e-122,2.031012571800896e-153,6.458683948174533e-90,9.495392000632229e-84
significant,True,True,False,False,True,True,True,True,True,True,True,True,True,True,True,True,True,True,True,True,True,True
